<?xml version="1.0" encoding="utf-8"?>
<!--~
  ~ @package   AkeebaEngage
  ~ @copyright Copyright (c)2020-2023 Nicholas K. Dionysopoulos / Akeeba Ltd
  ~ @license   GNU General Public License version 3, or later
  -->
<extension version="4.0.0" type="plugin" group="engage" method="upgrade">
    <name>PLG_ENGAGE_GRAVATAR</name>
    <description>PLG_ENGAGE_GRAVATAR_XML_DESC</description>
    <version>3.3.3</version>
    <creationDate>2023-12-18</creationDate>
    <author>Akeeba Ltd</author>
    <authorEmail>no-reply@akeeba.com</authorEmail>
    <authorUrl>https://www.akeeba.com</authorUrl>
    <copyright>Copyright (c)2020-2023 Akeeba Ltd</copyright>
    <license>GNU/GPL v3 or any later version</license>
    <namespace path="src">Akeeba\Plugin\Engage\Gravatar</namespace>

    <files>
        <folder plugin="gravatar">src</folder>
        <folder>services</folder>

        <filename>.htaccess</filename>
        <filename>web.config</filename>
    </files>
    <languages folder="language">
        <language tag="de-DE">de-DE/plg_engage_gravatar.ini</language>
        <language tag="de-DE">de-DE/plg_engage_gravatar.sys.ini</language>
        <language tag="en-GB">en-GB/plg_engage_gravatar.ini</language>
        <language tag="en-GB">en-GB/plg_engage_gravatar.sys.ini</language>
        <language tag="el-GR">el-GR/plg_engage_gravatar.ini</language>
        <language tag="el-GR">el-GR/plg_engage_gravatar.sys.ini</language>
        <language tag="fr-FR">fr-FR/plg_engage_gravatar.ini</language>
        <language tag="fr-FR">fr-FR/plg_engage_gravatar.sys.ini</language>
        <language tag="nl-NL">nl-NL/plg_engage_gravatar.ini</language>
        <language tag="nl-NL">nl-NL/plg_engage_gravatar.sys.ini</language>
    </languages>

    <config addfieldpath="/administrator/components/com_engage/fields">
        <fields name="params">
            <fieldset name="basic"
                      label="PLG_ENGAGE_GRAVATAR_FIELDSET_BASIC_LABEL"
                      description="PLG_ENGAGE_GRAVATAR_FIELDSET_BASIC_DESC"
            >

                <field name="profile_link"
                       type="radio"
                       layout="joomla.form.field.radio.switcher"
                       label="PLG_ENGAGE_GRAVATAR_PROFILE_LINK_LABEL"
                       description="PLG_ENGAGE_GRAVATAR_PROFILE_LINK_DESC"
                       default="1"
                >
                    <option value="0">JNO</option>
                    <option value="1">JYES</option>
                </field>

                <field name="rating"
                       type="list"
                       label="PLG_ENGAGE_GRAVATAR_RATING_LABEL"
                       description="PLG_ENGAGE_GRAVATAR_RATING_DESC"
                       default="G"
                >
                    <option value="G">PLG_ENGAGE_GRAVATAR_RATING_G</option>
                    <option value="PG">PLG_ENGAGE_GRAVATAR_RATING_PG</option>
                    <option value="R">PLG_ENGAGE_GRAVATAR_RATING_R</option>
                    <option value="X">PLG_ENGAGE_GRAVATAR_RATING_X</option>
                </field>

                <field name="default_image"
                       type="list"
                       label="PLG_ENGAGE_GRAVATAR_DEFAULT_IMAGE_LABEL"
                       description="PLG_ENGAGE_GRAVATAR_DEFAULT_IMAGE_DESC"
                       default="mp"
                >
                    <option value="mp">PLG_ENGAGE_GRAVATAR_DEFAULT_IMAGE_MP</option>
                    <option value="identicon">PLG_ENGAGE_GRAVATAR_DEFAULT_IMAGE_IDENTICON</option>
                    <option value="monsterid">PLG_ENGAGE_GRAVATAR_DEFAULT_IMAGE_MONSTERID</option>
                    <option value="wavatar">PLG_ENGAGE_GRAVATAR_DEFAULT_IMAGE_WAVATAR</option>
                    <option value="retro">PLG_ENGAGE_GRAVATAR_DEFAULT_IMAGE_RETRO</option>
                    <option value="robohash">PLG_ENGAGE_GRAVATAR_DEFAULT_IMAGE_ROBOHASH</option>
                    <option value="blank">PLG_ENGAGE_GRAVATAR_DEFAULT_IMAGE_BLANK</option>
                    <option value="custom">PLG_ENGAGE_GRAVATAR_DEFAULT_IMAGE_CUSTOM</option>
                </field>

                <field name="custom_default"
                       type="media"
                       label="PLG_ENGAGE_GRAVATAR_CUSTOM_DEFAULT_LABEL"
                       description="PLG_ENGAGE_GRAVATAR_CUSTOM_DEFAULT_DESC"
                       default=""
                />

                <field name="force_default"
                       type="radio"
                       layout="joomla.form.field.radio.switcher"
                       label="PLG_ENGAGE_GRAVATAR_FORCE_DEFAULT_LABEL"
                       description="PLG_ENGAGE_GRAVATAR_FORCE_DEFAULT_DESC"
                       default="0"
                >
                    <option value="0">JNO</option>
                    <option value="1">JYES</option>
                </field>

            </fieldset>
        </fields>
    </config>
</extension>