<?xml version="1.0" encoding="utf-8"?>
<!--~
  ~ @package   AkeebaEngage
  ~ @copyright Copyright (c)2020-2023 Nicholas K. Dionysopoulos / Akeeba Ltd
  ~ @license   GNU General Public License version 3, or later
  -->
<access component="com_engage">
	<section name="component">
		<action name="core.admin" title="JACTION_ADMIN" description="JACTION_ADMIN_COMPONENT_DESC" />
		<action name="core.options" title="JACTION_OPTIONS" description="JACTION_OPTIONS_COMPONENT_DESC" />
		<action name="core.manage" title="JACTION_MANAGE" description="JACTION_MANAGE_COMPONENT_DESC" />
		<action name="core.create" title="COM_ENGAGE_CONFIG_ACL_CREATE" description="COM_ENGAGE_CONFIG_ACL_CREATE_DESC" />
		<action name="core.delete" title="JACTION_DELETE" description="COM_ENGAGE_CONFIG_ACL_DELETE_DESC" />
		<action name="core.edit" title="JACTION_EDIT" description="COM_ENGAGE_CONFIG_ACL_EDIT_DESC" />
		<action name="core.edit.own" title="JACTION_EDITOWN" description="COM_ENGAGE_CONFIG_ACL_EDIT_OWN_DESC" />
		<action name="core.edit.state" title="JACTION_EDITSTATE" description="COM_ENGAGE_CONFIG_ACL_EDIT_STATE_DESC" />
	</section>
</access>
