<?xml version="1.0" encoding="utf-8"?>
<!--~
  ~ @package   AkeebaEngage
  ~ @copyright Copyright (c)2020-2023 Nicholas K. Dionysopoulos / Akeeba Ltd
  ~ @license   GNU General Public License version 3, or later
  -->
<extension version="3.9.0" type="plugin" group="engage" method="upgrade">
    <name>PLG_ENGAGE_AKISMET</name>
    <description>PLG_ENGAGE_AKISMET_XML_DESC</description>
    <version>3.3.3</version>
    <creationDate>2023-12-18</creationDate>
    <author>Akeeba Ltd</author>
    <authorEmail>no-reply@akeeba.com</authorEmail>
    <authorUrl>https://www.akeeba.com</authorUrl>
    <copyright>Copyright (c)2020-2023 Akeeba Ltd</copyright>
    <license>GNU/GPL v3 or any later version</license>
    <namespace path="src">Akeeba\Plugin\Engage\Akismet</namespace>

    <files>
        <folder plugin="akismet">src</folder>
        <folder>services</folder>

        <filename>.htaccess</filename>
        <filename>web.config</filename>
    </files>
    <languages folder="language">
        <language tag="de-DE">de-DE/plg_engage_akismet.ini</language>
        <language tag="de-DE">de-DE/plg_engage_akismet.sys.ini</language>
        <language tag="en-GB">en-GB/plg_engage_akismet.ini</language>
        <language tag="en-GB">en-GB/plg_engage_akismet.sys.ini</language>
        <language tag="el-GR">el-GR/plg_engage_akismet.ini</language>
        <language tag="el-GR">el-GR/plg_engage_akismet.sys.ini</language>
        <language tag="fr-FR">fr-FR/plg_engage_akismet.ini</language>
        <language tag="fr-FR">fr-FR/plg_engage_akismet.sys.ini</language>
        <language tag="nl-NL">nl-NL/plg_engage_akismet.ini</language>
        <language tag="nl-NL">nl-NL/plg_engage_akismet.sys.ini</language>
    </languages>

    <config>
        <fields name="params">
            <fieldset
                name="basic"
                label="PLG_ENGAGE_AKISMET_FIELDSET_BASIC_LABEL"
                description="PLG_ENGAGE_AKISMET_FIELDSET_BASIC_DESC"
                addfieldpath="/administrator/components/com_engage/fields"
            >

                <field
                    type="text"
                    name="key"
                    default=""
                    label="PLG_ENGAGE_AKISMET_CONFIG_KEY_LABEL"
                    description="PLG_ENGAGE_AKISMET_CONFIG_KEY_DESC"
                />

                <field
                    type="list"
                    name="check"
                    default="nonmanager"
                    label="PLG_ENGAGE_AKISMET_CONFIG_CHECK_LABEL"
                    description="PLG_ENGAGE_AKISMET_CONFIG_CHECK_DESC"
                >
                    <option value="all">PLG_ENGAGE_AKISMET_CONFIG_CHECK_ALL</option>
                    <option value="nonmanager">PLG_ENGAGE_AKISMET_CONFIG_CHECK_NONMANAGER</option>
                    <option value="guest">PLG_ENGAGE_AKISMET_CONFIG_CHECK_GUEST</option>
                </field>

                <field
                    name="discard_blatant"
                    type="radio"
                    layout="joomla.form.field.radio.switcher"
                    label="PLG_ENGAGE_AKISMET_DISCARD_BLATANT_LABEL"
                    description="PLG_ENGAGE_AKISMET_DISCARD_BLATANT_DESC"
                    default="1"
                >
                    <option value="0">JNO</option>
                    <option value="1">JYES</option>
                </field>


            </fieldset>
        </fields>
    </config>
</extension>
